Type,Name,Request Count,Failure Count,Median Response Time,Average Response Time,Min Response Time,Max Response Time,Average Content Size,Requests/s,Failures/s,50%,66%,75%,80%,90%,95%,98%,99%,99.9%,99.99%,100%
POST,POST /api/auth/verify-code [brute-force],5409,0,4,3.842256289522752,1.610329985851422,49.06503899837844,109.95341098169717,91.52982411245979,0.0,4,4,4,5,5,6,7,9,18,49,49
,Aggregated,5409,0,4,3.842256289522752,1.610329985851422,49.06503899837844,109.95341098169717,91.52982411245979,0.0,4,4,4,5,5,6,7,9,18,49,49
