Type,Name,Request Count,Failure Count,Median Response Time,Average Response Time,Min Response Time,Max Response Time,Average Content Size,Requests/s,Failures/s,50%,66%,75%,80%,90%,95%,98%,99%,99.9%,99.99%,100%
POST,POST /api/auth/request-code [otp-spam],3234,0,4,4.006969916685954,2.1234900050330907,45.86427999311127,109.94619666048237,54.75504585897556,0.0,4,4,4,4,5,5,6,7,13,46,46
,Aggregated,3234,0,4,4.006969916685954,2.1234900050330907,45.86427999311127,109.94619666048237,54.75504585897556,0.0,4,4,4,4,5,5,6,7,13,46,46
