Type,Name,Request Count,Failure Count,Median Response Time,Average Response Time,Min Response Time,Max Response Time,Average Content Size,Requests/s,Failures/s,50%,66%,75%,80%,90%,95%,98%,99%,99.9%,99.99%,100%
GET,GET /api/repoguard/verify [ping-abuse],12310,0,3,3.3409726734986758,1.458230020944029,50.12496002018452,109.89179528838343,208.3141233735221,0.0,3,4,4,4,5,5,6,6,15,20,50
,Aggregated,12310,0,3,3.3409726734986758,1.458230020944029,50.12496002018452,109.89179528838343,208.3141233735221,0.0,3,4,4,4,5,5,6,6,15,20,50
