Type,Name,Request Count,Failure Count,Median Response Time,Average Response Time,Min Response Time,Max Response Time,Average Content Size,Requests/s,Failures/s,50%,66%,75%,80%,90%,95%,98%,99%,99.9%,99.99%,100%
GET,GET /api/compliance,536,0,2,2.773313021414163,1.4986899914219975,35.8943099854514,24.0,6.0120649014326215,0.0,2,2,2,2,3,4,26,27,36,36,36
GET,GET /api/events,1433,0,2,2.5345098091349842,1.4134700177237391,64.18972901883535,2.0,16.073300380136093,0.0,2,2,2,2,3,3,5,25,35,64,64
GET,GET /api/health,303,0,2,2.737198475857416,1.4966400049161166,33.56546998838894,98.0,3.398611315548665,0.0,2,2,2,3,3,4,5,27,34,34,34
GET,GET /api/repos,848,0,2,2.6795617243994956,1.5261600201483816,33.94113000831567,461.0,9.511625067938178,0.0,2,2,3,3,3,3,5,28,34,34,34
GET,GET /api/system-status,863,0,2,2.412057099242016,1.4542299904860556,35.39602999808267,19.0,9.679873152866328,0.0,2,2,2,2,3,3,4,5,35,35,35
,Aggregated,3983,0,2,2.58641553931455,1.4134700177237391,64.18972901883535,113.67034898317851,44.67547481792189,0.0,2,2,2,3,3,3,5,27,35,64,64
