Type,Name,Request Count,Failure Count,Median Response Time,Average Response Time,Min Response Time,Max Response Time,Average Content Size,Requests/s,Failures/s,50%,66%,75%,80%,90%,95%,98%,99%,99.9%,99.99%,100%
GET,GET /api/compliance,628,0,2,2.8694061165995106,1.5020899882074445,42.86266001872718,24.0,4.235341886606374,0.0,2,3,3,3,3,4,7,9,43,43,43
GET,GET /api/events,1560,0,2,2.8776486276444464,1.4779799967072904,50.26101000839844,2.0,10.52091296672921,0.0,2,3,3,3,4,5,6,19,41,50,50
GET,GET /api/health,306,0,2,3.1477039215935614,1.5859600098337978,44.70463001052849,98.0,2.0637175434738064,0.0,2,3,3,3,4,5,12,21,45,45,45
GET,GET /api/repoguard/verify,299,0,3,2.98405313106288,1.7324400250799954,38.501189003000036,132.0334448160535,2.0165083186230985,0.0,3,3,3,3,4,5,7,16,39,39,39
GET,GET /api/repos,925,0,2,2.9100274896828107,1.4710100076626986,29.506279999623075,461.0,6.238361855272127,0.0,2,3,3,3,4,4,6,21,30,30,30
GET,GET /api/system-status,926,0,2,2.8168969949771254,1.4487800071947277,42.690489994129166,19.0,6.2451060302508,0.0,2,3,3,3,3,4,6,15,43,43,43
,Aggregated,4644,0,2,2.8955146924743063,1.4487800071947277,50.26101000839844,114.48686477174849,31.319948600955414,0.0,2,3,3,3,4,4,6,19,42,50,50
